<?xml version="1.0" encoding="UTF-8"?>
<ruleset xmlns="http://pmd.sourceforge.net/ruleset/2.0.0"
         xmlns:xsi="http://www.w3.org/2001/XMLSchema-instance"
         name="ktds_PMD_RuleSet_V1.3"
         xsi:schemaLocation="http://pmd.sourceforge.net/ruleset/2.0.0 http://pmd.sourceforge.net/ruleset_2_0_0.xsd">
   <description>KTDS_PMD_RULESET</description>
   <rule ref="rulesets/java/basic.xml/AvoidBranchingStatementAsLastInLoop">
         <priority>2</priority>
   </rule>
   <rule ref="rulesets/java/basic.xml/AvoidDecimalLiteralsInBigDecimalConstructor"/>
   <rule ref="rulesets/java/basic.xml/AvoidMultipleUnaryOperators">
         <priority>3</priority>
   </rule>
   <rule ref="rulesets/java/basic.xml/AvoidThreadGroup">
         <priority>2</priority>
   </rule>
   <rule ref="rulesets/java/basic.xml/AvoidUsingHardCodedIP">
         <priority>3</priority>
   </rule>
   <rule ref="rulesets/java/basic.xml/AvoidUsingOctalValues">
            <priority>4</priority>
   </rule>
   <rule ref="rulesets/java/basic.xml/BigIntegerInstantiation">
         <priority>4</priority>
   </rule>
   <rule ref="rulesets/java/basic.xml/BooleanInstantiation">
         <priority>4</priority>
   </rule>
   <rule ref="rulesets/java/basic.xml/BrokenNullCheck"/>
   <rule ref="rulesets/java/basic.xml/CheckResultSet">
         <priority>2</priority>
   </rule>   
   <rule ref="rulesets/java/basic.xml/CheckSkipResult">
         <priority>2</priority>
   </rule>
   <rule ref="rulesets/java/basic.xml/ClassCastExceptionWithToArray">
         <priority>1</priority>
   </rule>
   <rule ref="rulesets/java/basic.xml/CollapsibleIfStatements">
         <priority>4</priority>
   </rule>
   <rule ref="rulesets/java/basic.xml/DontCallThreadRun">
         <priority>3</priority>
   </rule>
   <rule ref="rulesets/java/basic.xml/DontUseFloatTypeForLoopIndices"/>
   <rule ref="rulesets/java/basic.xml/DoubleCheckedLocking">
         <priority>1</priority>
   </rule>
   <rule ref="rulesets/java/basic.xml/ExtendsObject"/>
   <rule ref="rulesets/java/basic.xml/ForLoopShouldBeWhileLoop">
         <priority>4</priority>
   </rule>
   <rule ref="rulesets/java/basic.xml/JumbledIncrementer"/>
   <rule ref="rulesets/java/basic.xml/MisplacedNullCheck">
         <priority>2</priority>
   </rule>
   <rule ref="rulesets/java/basic.xml/OverrideBothEqualsAndHashcode"/>
   <rule ref="rulesets/java/basic.xml/ReturnFromFinallyBlock"/>
   <rule ref="rulesets/java/basic.xml/UnconditionalIfStatement">
         <priority>3</priority>
   </rule>
   <rule ref="rulesets/java/braces.xml/WhileLoopsMustUseBraces">
         <priority>4</priority>
   </rule>
   <rule ref="rulesets/java/design.xml/AbstractClassWithoutAbstractMethod"/>
   <rule ref="rulesets/java/design.xml/AssignmentToNonFinalStatic"/>
   <rule ref="rulesets/java/design.xml/AvoidConstantsInterface">
         <priority>4</priority>
   </rule>
   <rule ref="rulesets/java/design.xml/AvoidReassigningParameters">
         <priority>3</priority>
   </rule>
   <rule ref="rulesets/java/design.xml/AvoidSynchronizedAtMethodLevel"/>
   <rule ref="rulesets/java/design.xml/EqualsNull">
         <priority>2</priority>
   </rule>
   <rule ref="rulesets/java/design.xml/FinalFieldCouldBeStatic"/>
   <rule ref="rulesets/java/design.xml/ImmutableField">
         <priority>4</priority>
   </rule>
   <rule ref="rulesets/java/design.xml/SimpleDateFormatNeedsLocale">
         <priority>4</priority>
   </rule>
   <rule ref="rulesets/java/design.xml/SimplifyBooleanExpressions">
         <priority>4</priority>
   </rule>
   <rule ref="rulesets/java/design.xml/SwitchStmtsShouldHaveDefault"/>
   <rule ref="rulesets/java/design.xml/UncommentedEmptyMethod">
         <priority>4</priority>
   </rule>
   <rule ref="rulesets/java/empty.xml/EmptyCatchBlock">
         <priority>3</priority>
   </rule>
   <rule ref="rulesets/java/empty.xml/EmptyFinallyBlock">
         <priority>3</priority>
   </rule>
   <rule ref="rulesets/java/empty.xml/EmptyIfStmt">
         <priority>3</priority>
   </rule>
   <rule ref="rulesets/java/empty.xml/EmptyInitializer">
         <priority>3</priority>
   </rule>
   <rule ref="rulesets/java/empty.xml/EmptyStatementBlock">
         <priority>3</priority>
   </rule>
   <rule ref="rulesets/java/empty.xml/EmptyStatementNotInLoop">
         <priority>3</priority>
   </rule>
   <rule ref="rulesets/java/empty.xml/EmptyStaticInitializer">
         <priority>3</priority>
   </rule>
   <rule ref="rulesets/java/empty.xml/EmptySwitchStatements">
         <priority>3</priority>
   </rule>
   <rule ref="rulesets/java/empty.xml/EmptySynchronizedBlock">
         <priority>3</priority>
   </rule>
   <rule ref="rulesets/java/empty.xml/EmptyTryBlock">
         <priority>3</priority>
   </rule>
   <rule ref="rulesets/java/empty.xml/EmptyWhileStmt">
         <priority>3</priority>
   </rule>
   <rule ref="rulesets/java/imports.xml/DuplicateImports"/>
   <rule ref="rulesets/java/imports.xml/ImportFromSamePackage">
         <priority>4</priority>
   </rule>
   <rule ref="rulesets/java/logging-java.xml/SystemPrintln">
         <priority>2</priority>
   </rule>
   <rule ref="rulesets/java/junit.xml/SimplifyBooleanAssertion">
         <priority>4</priority>
   </rule>
   <rule ref="rulesets/java/migrating.xml/IntegerInstantiation">
         <priority>4</priority>
   </rule>
   <rule ref="rulesets/java/migrating.xml/LongInstantiation">
         <priority>4</priority>
   </rule>
   <rule ref="rulesets/java/migrating.xml/ShortInstantiation">
         <priority>4</priority>
   </rule>
   <rule ref="rulesets/java/naming.xml/MisleadingVariableName">
         <priority>5</priority>
   </rule>
   <rule ref="rulesets/java/naming.xml/VariableNamingConventions">
        <priority>5</priority>
   </rule>
   <rule ref="rulesets/java/optimizations.xml/AvoidArrayLoops"/>
   <rule ref="rulesets/java/optimizations.xml/UnnecessaryWrapperObjectCreation"/>
   <rule ref="rulesets/java/optimizations.xml/UseStringBufferForStringAppends"/>
   <rule ref="rulesets/java/strictexception.xml/AvoidThrowingNullPointerException">
        <priority>3</priority>
   </rule>
   <rule ref="rulesets/java/strictexception.xml/AvoidThrowingRawExceptionTypes">
        <priority>3</priority>
   </rule>
   <rule ref="rulesets/java/strings.xml/InefficientEmptyStringCheck"/>
   <rule ref="rulesets/java/strings.xml/InefficientStringBuffering"/>
   <rule ref="rulesets/java/strings.xml/StringInstantiation">
        <priority>4</priority>
   </rule>
   <rule ref="rulesets/java/strings.xml/StringToString">
        <priority>4</priority>
   </rule>
   <rule ref="rulesets/java/strings.xml/UselessStringValueOf">
        <priority>4</priority>
   </rule>
   <!-- Deteted from kt ds Rule Version 1.1
   <rule ref="rulesets/ecmascript/unnecessary.xml/UnnecessaryParentheses"/>
   -->
   <rule ref="rulesets/java/unnecessary.xml/UnnecessaryConversionTemporary">
        <priority>4</priority>
   </rule>
   <rule ref="rulesets/java/unnecessary.xml/UnnecessaryFinalModifier">
        <priority>4</priority>
   </rule>
   <rule ref="rulesets/java/unnecessary.xml/UnnecessaryReturn">
        <priority>4</priority>
   </rule>
   <rule ref="rulesets/java/unnecessary.xml/UnusedNullCheckInEquals">
        <priority>4</priority>
   </rule>
   <rule ref="rulesets/java/unnecessary.xml/UselessOperationOnImmutable">
        <priority>4</priority>
   </rule>
    <rule ref="rulesets/java/unnecessary.xml/UselessOverridingMethod">
        <priority>4</priority>
   </rule>
   <!-- Deteted from kt ds Rule Version 1.1
   <rule ref="rulesets/java/unnecessary.xml/UselessParentheses"/>
   -->
   <rule ref="rulesets/java/unusedcode.xml/UnusedFormalParameter">
        <priority>4</priority>
   </rule>
   <rule ref="rulesets/java/unusedcode.xml/UnusedPrivateField">
        <priority>4</priority>
   </rule>
   <rule ref="rulesets/java/unusedcode.xml/UnusedPrivateMethod">
        <priority>4</priority>
   </rule>
   <rule ref="rulesets/ecmascript/basic.xml/AssignmentInOperand">
        <priority>4</priority>
   </rule>

   <!-- Deteted from kt ds Rule Version 1.1
   <rule class="net.sourceforge.pmd.lang.rule.XPathRule" deprecated="false" dfa="false"
         language="xml"
         message="Don't use the 'DUAL' table in oracle"
         name="DontUseSystemTable"
         typeResolution="true">
      <description>Don't use the 'DUAL' table in oracle</description>
      <priority>3</priority>
      <properties>
         <property name="version" value="2.0"/>
         <property name="xpath">
            <value>
                //text[
                    matches(@Image,' DUAL ') or matches(@Image,' DUAL\t') or matches(@Image,' DUAL,')  or matches(@Image,' DUAL\n') or
                    matches(@Image,'\tDUAL ') or matches(@Image,'\tDUAL\t') or matches(@Image,'\tDUAL,') or matches(@Image,'\tDUAL\n') or
                    matches(@Image,'\nDUAL ') or matches(@Image,'\nDUAL\t') or matches(@Image,'\nDUAL,') or matches(@Image,'\nDUAL\n') or
                    matches(@Image,' dual ') or matches(@Image,' dual\t') or matches(@Image,' dual,')  or matches(@Image,' dual\n') or
                    matches(@Image,'\tdual ') or matches(@Image,'\tdual\t') or matches(@Image,'\tdual,') or matches(@Image,'\tdual\n') or
                    matches(@Image,'\ndual ') or matches(@Image,'\ndual\t') or matches(@Image,'\ndual,') or matches(@Image,'\ndual\n')
                ]
            </value>
         </property>
      </properties>
   </rule>
   -->
   
   <rule class="net.sourceforge.pmd.lang.rule.XPathRule" deprecated="false" dfa="false"
         language="xml"
         message="Don't use the '*' in select statement."
         name="DontUseAsterisk"
         typeResolution="true">
      <description>Don't use the '*' in select statement.</description>
      <priority>3</priority>
      <properties>
         <property name="version" value="2.0"/>
         <property name="xpath">
            <value>
            //text[
                matches(@Image,' \* ') or matches(@Image,' \*\t') or matches(@Image,' \*,')  or matches(@Image,' \*\n') or
                matches(@Image,'\t\* ') or matches(@Image,'\t\*\t') or matches(@Image,'\t\*,') or matches(@Image,'\t\*\n') or
                matches(@Image,'\n\* ') or matches(@Image,'\n\*\t') or matches(@Image,'\n\*,') or matches(@Image,'\n\*\n') or
                matches(@Image,'.\* ') or matches(@Image,'.\*\t') or matches(@Image,'.\*,') or matches(@Image,'.\*\n') 
            ]
            </value>
         </property>
      </properties>
   </rule>

   <rule ref="rulesets/java/design.xml/CloseResource">
        <priority>2</priority>
   </rule>
   <rule ref="rulesets/java/design.xml/CompareObjectsWithEquals">
           <priority>2</priority>
   </rule>
   <rule ref="rulesets/ecmascript/braces.xml/ForLoopsMustUseBraces">
        <priority>4</priority>
   </rule>
   <rule ref="rulesets/ecmascript/braces.xml/IfStmtsMustUseBraces">
        <priority>4</priority>
   </rule>
   <rule ref="rulesets/java/naming.xml/ClassNamingConventions">
         <priority>5</priority>
   </rule>
   <rule ref="rulesets/java/naming.xml/SuspiciousConstantFieldName">
         <priority>5</priority>
   </rule>
   <rule ref="rulesets/java/naming.xml/SuspiciousEqualsMethodName">
         <priority>5</priority>
   </rule>
   <rule ref="rulesets/java/strictexception.xml/SignatureDeclareThrowsException"/>
   <rule ref="rulesets/java/strings.xml/UnnecessaryCaseChange"/>
   <rule ref="rulesets/java/unusedcode.xml/UnusedLocalVariable">
         <priority>4</priority>
   </rule>

   <rule ref="rulesets/java/design.xml/FieldDeclarationsShouldBeAtStartOfClass">
         <priority>3</priority>
   </rule>
   <rule ref="rulesets/java/naming.xml/ShortClassName">
      <priority>5</priority>
      <!--
      <properties>
         <property name="minimum" value="3"/>
      </properties>
      -->
   </rule>
</ruleset>